지역,분류,세부분류,이름,주소,전화번호,위도,경도
성남시,병원,종합병원,성남중앙병원,,317433000.0,37.4499958954699,127.16419092508023
성남시,병원,종합병원,차의과학대학교분당차병원,,317805000.0,37.40743446063823,127.12736169030882
성남시,병원,한방병원,(학교법인)동국대학교 한의과대학 분당한방병원,,317103700.0,37.36444726385882,127.13011904255673
성남시,병원,치과병원,형치과병원,,317145000.0,37.33424388491632,127.11874290547368
성남시,병원,종합병원,대진의료재단 분당제생병원,,317790114.0,37.3853130143862,127.12373459114154
성남시,병원,요양병원(일반요양병원),성모요양병원,,317079100.0,37.40181467549178,127.15922968244672
성남시,병원,종합병원,국군수도병원,,317256075.0,37.38955548044523,127.15118895882182
성남시,병원,치과병원,국군수도치과병원,,317256419.0,37.38955548044523,127.15118895882182
성남시,병원,병원,서울나우병원,,15882691.0,37.381238285444816,127.12242296838541
성남시,병원,종합병원,분당서울대학교병원,,317872114.0,37.34696434161575,127.126342617974
성남시,병원,종합병원,순천의료재단 성남정병원,,317506000.0,37.43704452936959,127.13111409288612
성남시,병원,병원,의료법인 본플러스재단 분당병원,,317140141.0,37.360897380937125,127.10841839186611
성남시,병원,병원,태평서울병원,,317217317.0,37.435821663693474,127.12965463541155
성남시,병원,병원,더미즈병원,,317521119.0,37.43801429782973,127.13254653937642
성남시,병원,병원,바른세상병원,,317035575.0,37.40749015599891,127.1289386678268
성남시,병원,요양병원(노인병원),보바스기념병원,,18775661.0,37.35291197373776,127.10058872562372
성남시,병원,병원,분당제일여성병원,,317258500.0,37.38415941050542,127.12390781730382
성남시,병원,요양병원(일반요양병원),우리효사랑요양병원,,317357500.0,37.44626899695998,127.1475900494582
성남시,병원,요양병원(일반요양병원),좋은이웃요양병원,,317055757.0,37.41301908764206,127.15308330299369
성남시,병원,정신병원,성남사랑의병원,,317563024.0,37.44049712005882,127.12961695732884
성남시,병원,치과병원,성남예치과병원,,317579999.0,37.42891793259335,127.13080192009886
성남시,병원,병원,분당척병원,,317885000.0,37.41006607882589,127.13138740300136
성남시,병원,한방병원,분당자생한방병원,,317890711.0,37.382900432495916,127.1220386399205
성남시,병원,치과병원,드라마치과병원,,317162895.0,37.36485316018498,127.10979162615438
성남시,병원,병원,으뜸병원,,317591700.0,37.42824513642928,127.13072963235298
성남시,병원,요양병원(일반요양병원),카리스요양병원,,nan,37.37119775796813,127.13954375882251
성남시,병원,병원,분당베스트병원,,18990175.0,37.40949454108653,127.13196106947255
성남시,병원,병원,바른마디병원,,317359110.0,37.442376202670545,127.1647134597407
성남시,병원,병원,사랑의병원,,3180170101.0,37.39456384633714,127.1146284910946
성남시,병원,병원,휴엔병원,,317531000.0,37.43711888379018,127.14620165889627
성남시,병원,요양병원(일반요양병원),라온힐요양병원,,317099119.0,37.415441904369516,127.12900031772705
성남시,병원,요양병원(일반요양병원),파티마 요양병원,,317211004.0,37.4365431435622,127.14528492246981
성남시,병원,요양병원(일반요양병원),성남요양병원,,317318899.0,37.44181367711505,127.16131890677181
성남시,병원,요양병원(일반요양병원),분당수요양병원,,317037500.0,37.402930999312694,127.12856403608232
성남시,병원,병원,지우병원,,317568355.0,37.44090292689823,127.14230107256476
성남시,병원,치과병원,위례서울치과병원,,nan,37.4694484406694,127.14477714097879
성남시,병원,병원,성모윌병원,,317512075.0,37.43164102471847,127.13038663613509
성남시,병원,요양병원(일반요양병원),분당센트럴요양병원,,317069090.0,37.38848734377679,127.12817160895096
성남시,병원,요양병원(일반요양병원),위례서울닥터스요양병원,,317595005.0,37.461865242918066,127.14342902081269
성남시,병원,치과병원,밸런스치과병원,,316227528.0,37.39140716050796,127.11427219124879
성남시,병원,요양병원(일반요양병원),위례센트럴요양병원,,317587000.0,37.45948040110293,127.1454462625203
성남시,병원,종합병원,성남시의료원,,317387000.0,37.44195470027703,127.14132375133258
성남시,병원,한방병원,성신한방병원,,317221175.0,37.431754985982415,127.13138382345933
성남시,병원,병원,위례재활병원,,317510660.0,37.462785569589904,127.13880476004428
성남시,병원,병원,연세스타병원,,16707088.0,37.43849289896082,127.1485583254512
성남시,병원,요양병원(일반요양병원),위례스마트요양병원,,3180397676.0,37.45970960005143,127.14504121044963
성남시,병원,한방병원,성남제일한방병원,,317581071.0,37.426620628603324,127.13112274339962
성남시,병원,한방병원,분당나로한방병원,,317013000.0,37.34767334942907,127.11161764972525
성남시,병원,요양병원(일반요양병원),서울위례바이오요양병원,,317588575.0,37.45948040110293,127.1454462625203
성남시,병원,한방병원,경희위례한방병원,,317597755.0,37.47066367642193,127.14485243530474
성남시,병원,한방병원,채움한방병원,,317977511.0,37.42655857719131,127.13051864027769
성남시,병원,병원,미라클 병원,,317065000.0,37.40826028376771,127.13564589135063
성남시,병원,한방병원,365매일한방병원,,317083650.0,37.40883147713168,127.13197442055892
성남시,병원,치과병원,스마일분당예치과병원,,317182828.0,37.37587390750953,127.11811990145485
성남시,병원,치과병원,새로분당예치과병원,,317132828.0,37.37587390750953,127.11811990145485
성남시,병원,치과병원,드림분당예치과병원,,317132875.0,37.37587390750953,127.11811990145485
고양시,병원,병원,의료법인일산복음병원,,319775000.0,37.6790899894999,126.78211793280607
고양시,병원,병원,국군고양병원,,319636657.0,37.7161360592585,126.89907370664342
고양시,병원,정신병원,고양정신병원,,319690885.0,37.7086359673385,126.8565734942159
고양시,병원,병원,원당연세병원,,3115666256.0,37.65345127368272,126.83748918776645
고양시,병원,병원,그레이스병원,,319014000.0,37.64196699127871,126.78718731402894
고양시,병원,종합병원,인제대학교일산백병원,,319107114.0,37.67142354610456,126.75264940486962
고양시,병원,종합병원,국민건강보험공단일산병원,,15770013.0,37.6427991173014,126.79489655958174
고양시,병원,종합병원,국립암센터,,319200114.0,37.66079108268742,126.785622475836
고양시,병원,종합병원,의료법인자인의료재단(더자인병원),,319303114.0,37.62028899279041,126.83759702493022
고양시,병원,치과병원,서울메이치과병원,,319736004.0,37.630910644523134,126.83547764104426
고양시,병원,정신병원,늘푸른병원,,319679966.0,37.66085822710509,126.8421771511232
고양시,병원,정신병원,카프성모병원,,318109200.0,37.64252316815687,126.79345775373551
고양시,병원,병원,허유재병원,,318171100.0,37.66013187800413,126.77204291557288
고양시,병원,종합병원,동국대학교일산불교병원,,3115777000.0,37.6736207491203,126.80857129833919
고양시,병원,한방병원,동국대학교일산불교한방병원,,319617000.0,37.6736207491203,126.80857129833919
고양시,병원,요양병원(일반요양병원),의료법인한영의료재단삼성요양병원,,319725678.0,37.62330965938168,126.8262125317942
고양시,병원,요양병원(일반요양병원),자애요양병원,,319199942.0,37.66097346239845,126.76773023240658
고양시,병원,요양병원(일반요양병원),의료법인에덴재단행복한요양병원,,319635600.0,37.720335209962194,126.86670948084875
고양시,병원,요양병원(일반요양병원),로하스클로버요양병원,,319675050.0,37.65456414432344,126.83966346665268
고양시,병원,병원,일산중심재활병원,,318102000.0,37.697136135057356,126.74812165984467
고양시,병원,요양병원(일반요양병원),일산참사랑요양병원,,319181070.0,37.660718143294204,126.76956878109607
고양시,병원,치과병원,사과나무치과병원,,319139000.0,37.66848478651146,126.76168579127376
고양시,병원,요양병원(일반요양병원),일산현대요양병원,,319227575.0,37.67381462370205,126.80025817674422
고양시,병원,요양병원(일반요양병원),강북성심요양병원,,319781122.0,37.61989583310555,126.83751552091137
고양시,병원,요양병원(일반요양병원),일산사랑요양병원,,319018119.0,37.64196037806121,126.78654771248362
고양시,병원,병원,해븐리병원,,319228822.0,37.679757982207136,126.78313213507833
고양시,병원,요양병원(일반요양병원),효림요양병원,,319190041.0,37.66775141853888,126.76061393114588
고양시,병원,요양병원(일반요양병원),새찬요양병원,,319792119.0,37.61889487259244,126.82045717236677
고양시,병원,정신병원,의료법인상록의료재단화정병원,,319797572.0,37.68125527488429,126.78130918297587
고양시,병원,한방병원,일산자생한방병원,,319317041.0,37.6469040760542,126.7823544622479
고양시,병원,치과병원,연세플라워치과병원,,319174009.0,37.66172349674543,126.79248052717845
고양시,병원,정신병원,연세서울병원,,319079920.0,37.65109919908656,126.77921623876956
고양시,병원,요양병원(일반요양병원),무지개요양병원,,319161122.0,37.694241845360686,126.74157292213182
고양시,병원,병원,로하스일산병원,,319762200.0,37.682180065065616,126.77734120527347
고양시,병원,요양병원(일반요양병원),일산아르고요양병원,,319761844.0,37.672228225612926,126.7891406838028
고양시,병원,정신병원,라엘마음병원,,319785454.0,37.62473945340572,126.83101435849278
고양시,병원,병원,연세강인병원,,3115770032.0,37.628912752498316,126.8327593455322
고양시,병원,치과병원,중산사과나무치과병원,,319770123.0,37.67908810116323,126.78291655409288
고양시,병원,병원,일산하이병원,,3115221275.0,37.6797750883776,126.78270350165354
고양시,병원,요양병원(일반요양병원),의료법인두영의료재단 정안요양병원,,nan,37.69770391800479,126.8353657150959
고양시,병원,요양병원(일반요양병원),일산메디안요양병원,,nan,37.6734865861599,126.75025189973228
고양시,병원,병원,연세마두병원,,nan,37.649089864979175,126.78089152012477
고양시,병원,요양병원(일반요양병원),일산리더스요양병원,,319620050.0,37.67176569662348,126.80963316403245
고양시,병원,병원,연세항맥병원,,319250667.0,37.66778463832525,126.76423950443268
고양시,병원,요양병원(일반요양병원),다스람요양병원,,18005173.0,37.7091065218404,126.79387765031898
고양시,병원,요양병원(일반요양병원),이푸른요양병원,,319323338.0,37.645189205875916,126.7845301066973
고양시,병원,요양병원(일반요양병원),동국마음요양병원,,318119900.0,37.66449218200837,126.80338730755791
고양시,병원,병원,포인트병원,,15665519.0,37.66836124791652,126.76197124826062
고양시,병원,요양병원(일반요양병원),메디누리요양병원,,319257575.0,37.68925418786378,126.76515849231592
고양시,병원,요양병원(일반요양병원),고양센트럴요양병원,,319737775.0,37.62441819031311,126.83203083211664
고양시,병원,요양병원(일반요양병원),차연요양병원,,318161010.0,37.66036951185264,126.77337138533048
고양시,병원,요양병원(일반요양병원),동원요양병원,,318507000.0,37.67022438290453,126.77999923669853
고양시,병원,종합병원,의료법인성광의료재단일산차병원,,317828300.0,37.65143070904595,126.77803676980655
고양시,병원,병원,고양휴메디병원,,319682020.0,37.64495101153155,126.87799668259073
고양시,병원,병원,원흥아이제일병원,,319267000.0,37.64840647921609,126.87614564153317
고양시,병원,병원,서울척탑병원,,318139988.0,37.64840647921609,126.87614564153317
고양시,병원,한방병원,더하다한방병원,,16447889.0,37.62767552803086,126.83414102409417
고양시,병원,한방병원,자향한방병원,,16618927.0,37.65937403815842,126.80483049707809
고양시,병원,한방병원,일산365한방병원,,319113650.0,37.67351452546034,126.74829148254257
고양시,병원,병원,다병원,,319791000.0,37.61565449875271,126.84907629454138
고양시,병원,병원,연세나을병원,,319494188.0,37.64767684873176,126.77970853913165
고양시,병원,한방병원,일산다나은한방병원,,319751275.0,37.698138989837275,126.77966630034925
고양시,병원,병원,케이제노셀병원,,231582282.0,37.59758788529523,126.89605641439991
창원시,병원,병원,국립마산병원,,552461141.0,35.16561854209326,128.56842882398703
창원시,병원,종합병원,근로복지공단 창원병원,,552807619.0,35.21541444777171,128.67363995220202
창원시,병원,병원,동마산병원,,552905114.0,35.23074951945049,128.5804654773213
창원시,병원,정신병원,의료법인청아의료재단동서병원,,552301800.0,35.25381798303748,128.52336393809
창원시,병원,종합병원,경상남도마산의료원,,552491000.0,35.19614055322325,128.56764134449537
창원시,병원,병원,홍익재활병원,,552861518.0,35.1937458602305,128.6270178858786
창원시,병원,병원,윤병원,,552557100.0,35.258852253946536,128.62284127145298
창원시,병원,병원,해군해양의료원,,559076996.0,35.143187282050164,128.71515430299524
창원시,병원,병원,창원중앙병원,,552899111.0,35.210932318456784,128.70302093100378
창원시,병원,치과병원,고운치과병원,,552662828.0,35.22492985197091,128.68251439391398
창원시,병원,치과병원,화인치과병원,,552850100.0,35.220907054714026,128.68140540344456
창원시,병원,병원,하나병원,,552403000.0,35.20499055460022,128.58413199856014
창원시,병원,요양병원(일반요양병원),희연요양병원,,552702580.0,35.23689044346559,128.66476962006467
창원시,병원,종합병원,창원한마음병원,,552250000.0,35.23482638619348,128.70127593994107
창원시,병원,요양병원(일반요양병원),시립창원요양병원,,552982442.0,35.34638359736383,128.57662916580338
창원시,병원,종합병원,의료법인석영의료재단창원제일종합병원,,552239000.0,35.19603564297831,128.56991323988547
창원시,병원,종합병원,의료법인합포의료재단에스엠지연세병원,,552430100.0,35.18321089320783,128.5638069041818
창원시,병원,종합병원,의료법인청아의료재단청아병원,,552301500.0,35.24473056448397,128.5116585829611
창원시,병원,정신병원,의료법인예경의료재단예경병원,,552495555.0,35.19064767290714,128.56436466904626
창원시,병원,병원,서울패밀리병원,,552628511.0,35.21778598598327,128.6831382189986
창원시,병원,종합병원,연세에스병원,,555487700.0,35.15162955995993,128.70056084560395
창원시,병원,병원,허&리병원,,552887577.0,35.24095157940743,128.65117671577258
창원시,병원,요양병원(일반요양병원),의료법인정다운사람들의료재단정다운요양병원,,552557777.0,35.214583474732734,128.60574931596415
창원시,병원,요양병원(일반요양병원),성미카엘요양병원,,552646007.0,35.24788088110495,128.66987995122747
창원시,병원,병원,씽씽(singsing)병원,,557156200.0,35.220388367608315,128.68301867166753
창원시,병원,병원,상남굿모닝내과병원,,552667582.0,35.21765692654811,128.68192770245477
창원시,병원,치과병원,램브란트치과병원,,552622875.0,35.21765692654811,128.68192770245477
창원시,병원,병원,서울아동병원,,552318175.0,35.22929445864252,128.5066533651217
창원시,병원,요양병원(일반요양병원),의료법인승도의료재단메트로요양병원,,552993900.0,35.224363030469625,128.57570223727578
창원시,병원,병원,서울아동병원,,555410770.0,35.1530509814361,128.70070114426628
창원시,병원,요양병원(일반요양병원),행복한요양병원,,552591112.0,35.320824635616795,128.60324734294625
창원시,병원,한방병원,의료법인 청민의료재단 몸편한한방병원,,552947575.0,35.25827956019365,128.61896559174153
창원시,병원,요양병원(일반요양병원),의료법인굿모닝의료재단굿모닝요양병원,,552591000.0,35.2184288992054,128.590145786642
창원시,병원,병원,삼일정풍병원,,552463131.0,35.18988220634967,128.56784026767056
창원시,병원,병원,참여성병원,,552490600.0,35.20299602714855,128.57848640243944
창원시,병원,병원,의료법인위더스의료재단위더스병원,,552207777.0,35.19901716995862,128.57530178861708
창원시,병원,요양병원(일반요양병원),시립마산요양병원,,552212700.0,35.150945614268146,128.55409250317305
창원시,병원,병원,미소안재활병원,,552997510.0,35.237901126320544,128.5862895021766
창원시,병원,병원,예인병원,,555429000.0,35.141164076730774,128.70907234288106
창원시,병원,병원,의료법인염광의료재단세광병원,,555403700.0,35.14644980920271,128.66341455689818
창원시,병원,요양병원(일반요양병원),푸른요양병원,,552708888.0,35.2341748975963,128.66058455970426
창원시,병원,병원,모란여성병원,,552533555.0,35.21754866705644,128.6829324812466
창원시,병원,병원,the큰병원,,552700800.0,35.23663555103102,128.650973534288
창원시,병원,정신병원,동양의료재단연세사랑병원,,555407700.0,35.125575482192104,128.70334253421447
창원시,병원,병원,365병원,,552480365.0,35.230688236590694,128.58169420231206
창원시,병원,치과병원,라온치과병원,,552560007.0,35.23146369312443,128.58240938538702
창원시,병원,요양병원(일반요양병원),의료법인태산의료재단 큰사랑요양병원,,556008000.0,35.23333800481914,128.54914684221544
창원시,병원,병원,의료법인 심연의료재단 세명병원,,555407500.0,35.0981828554736,128.81575502363805
창원시,병원,치과병원,온치과병원,,555512828.0,35.1530509814361,128.70070114426628
창원시,병원,요양병원(일반요양병원),용원휴요양병원,,555473100.0,35.11277673833165,128.79808692851955
창원시,병원,정신병원,의료법인한길사랑의료재단현대사랑병원,,552408002.0,35.129327636668194,128.4497398787579
창원시,병원,병원,베스트수병원,,552902900.0,35.23120427905436,128.58262911321336
창원시,병원,요양병원(일반요양병원),늘푸른요양병원,,555437500.0,35.14975009512863,128.67411899324455
창원시,병원,한방병원,창원자생한방병원,,557127000.0,35.219479550629025,128.68906959214158
창원시,병원,병원,신마산서울아동병원,,552237847.0,35.17869866068806,128.56315184650575
창원시,병원,요양병원(노인병원),의료법인영민의료재단소망노인전문병원,,552477277.0,35.201864761859504,128.5626200855598
창원시,병원,치과병원,진해라온치과병원,,555471300.0,35.15591123882808,128.70145109384765
창원시,병원,요양병원(일반요양병원),참좋은요양병원,,555414500.0,35.14862801443134,128.670992275092
창원시,병원,병원,우리병원,,555510002.0,35.09740865099597,128.81303238066317
창원시,병원,요양병원(일반요양병원),한일요양병원,,552408200.0,35.20260754568939,128.58031831565899
창원시,병원,요양병원(일반요양병원),의료법인성인의료재단이에이씨창원요양병원,,552307777.0,35.138917522980805,128.5809656006916
창원시,병원,요양병원(일반요양병원),의료법인청록의료재단신세계요양병원,,552325600.0,35.25689585548711,128.511298020998
창원시,병원,요양병원(일반요양병원),의료법인예경의료재단예경요양병원,,552495500.0,35.19064767290714,128.56436466904626
창원시,병원,병원,의료법인 상원의료재단 창원힘찬병원,,5518992224.0,35.25284977310932,128.60815111732646
창원시,병원,요양병원(일반요양병원),의료법인 자은의료재단 덕산요양병원,,552512221.0,35.27530379175186,128.6893440569338
창원시,병원,병원,굿모닝내과병원,,552652800.0,35.254236834986244,128.61079838268446
창원시,병원,병원,구트병원,,552629000.0,35.225393868874114,128.68013508407537
창원시,병원,요양병원(일반요양병원),북면이화요양병원,,552933311.0,35.34497988227756,128.61036743519392
창원시,병원,요양병원(일반요양병원),시티요양병원,,552705500.0,35.24793960451092,128.67068132191247
창원시,병원,요양병원(일반요양병원),서라벌요양병원,,552941400.0,35.25749346456137,128.61661412091402
창원시,병원,요양병원(일반요양병원),의료법인합포의료재단마산우리요양병원,,552207500.0,35.17785917654706,128.564916336889
창원시,병원,병원,서울병원,,552997000.0,35.22857834626447,128.57909641399863
창원시,병원,병원,양덕서울아동병원,,552998275.0,35.23120427905436,128.58262911321336
창원시,병원,병원,희망병원,,555527582.0,35.09735988667373,128.81327642288446
창원시,병원,종합병원,창원경상국립대학교병원,,552142000.0,35.196409554664534,128.70982031093814
창원시,병원,요양병원(일반요양병원),의료법인승인의료재단동창원요양병원,,552912002.0,35.275094877354356,128.68899995965393
창원시,병원,한방병원,창원 당당한방병원,,552981075.0,35.22021604611478,128.68905156973224
창원시,병원,요양병원(일반요양병원),의료법인벽암의료재단 큰바다요양병원,,552213388.0,35.20174003709723,128.5856858326785
창원시,병원,요양병원(일반요양병원),친절요양병원,,552227900.0,35.1488005857877,128.55516389599873
창원시,병원,요양병원(일반요양병원),의료법인혜주의료재단 더편한요양병원,,556067722.0,35.12516800027837,128.50268775783323
창원시,병원,병원,키즈웰소아청소년과병원,,557152500.0,35.220366569477875,128.58814056248715
창원시,병원,요양병원(일반요양병원),메트로요양병원,,555520013.0,35.09688964568898,128.81562596686044
창원시,병원,한방병원,유니한방병원,,557190100.0,35.249080651783416,128.6221969926578
창원시,병원,병원,화사랑병원,,556023119.0,35.23585008606876,128.7028939250018
창원시,병원,요양병원(일반요양병원),예정요양병원,,552536000.0,35.24484121160721,128.6079572015548
창원시,병원,요양병원(일반요양병원),한마음요양병원,,552463300.0,35.204006251442934,128.58362059711672
창원시,병원,요양병원(일반요양병원),복음요양병원,,552917000.0,35.242357599979485,128.59181251536253
창원시,병원,한방병원,한결한방병원,,558008875.0,35.233550308449225,128.69955939236863
창원시,병원,한방병원,라라한방병원,,552863377.0,35.21975993710232,128.68480943058594
창원시,병원,병원,희연재활병원,,552702500.0,35.23689044346559,128.66476962006467
창원시,병원,한방병원,강추한방병원,,552210365.0,35.230688236590694,128.58169420231206
창원시,병원,요양병원(일반요양병원),성운요양병원,,558177575.0,35.25169318436267,128.50924960596586
창원시,병원,한방병원,의료법인한결의료재단 자연한방병원,,552221151.0,35.05422503881213,128.42627008469947
창원시,병원,치과병원,연세모먼트치과병원,,555410600.0,35.1557191442523,128.69964158631998
창원시,병원,병원,의료법인승현의료재단 심산서울병원,,552510888.0,35.248537907341124,128.62197404072384
창원시,병원,한방병원,명서한방병원,,556045000.0,35.2210160888304,128.6858758833197
창원시,병원,병원,창원더키움병원,,558108000.0,35.256564976582794,128.63104820472472
창원시,병원,병원,의료법인신화성의료재단 잘본병원,,552532000.0,35.219805267462476,128.58912761600988
창원시,병원,한방병원,자연안에 한방병원,,556034000.0,35.22823883924548,128.58636194798714
창원시,병원,병원,다나병원,,552965000.0,35.134969602079956,128.70936551781384
창원시,병원,한방병원,의료법인 피앤케이의료재단 인생한방병원,,552669000.0,35.21734402137868,128.68043662540674
창원시,병원,치과병원,더앞선치과병원,,557141111.0,35.220163257605016,128.6862058992086
창원시,병원,병원,바른병원,,552708802.0,35.2341748975963,128.66058455970426
창원시,병원,병원,창원튼튼i병원,,552658277.0,35.254606908803396,128.6366163322383
창원시,병원,병원,상남한마음병원,,552687777.0,35.2179328382245,128.68909071677166
창원시,병원,병원,이에이씨병원,,557157100.0,35.23598244179933,128.6992034185815
창원시,병원,요양병원(일반요양병원),의료법인 풍성의료재단 안정요양병원,,552931004.0,35.33283949590967,128.71677139991246
창원시,병원,병원,의료법인성인의료재단이에이씨창원병원,,552307777.0,35.138917522980805,128.5809656006916
창원시,병원,병원,바이탈병원,,552591333.0,35.32022265617145,128.60411314646691
창원시,병원,요양병원(일반요양병원),경희요양병원,,552459988.0,35.196930471320314,128.5692969401948
성남시,파출소,지구대,수진,경기도 성남시 수정구 모란로 1,,37.4338202038,127.1284201354
성남시,파출소,파출소,구미,경기도 성남시 분당구 구미로 107,,37.3394755562,127.1207458548
성남시,파출소,파출소,중앙,경기도 성남시 수정구 수정로 145,,37.4424616891,127.136256823
성남시,파출소,파출소,산성,경기도 성남시 수정구 수정로279번길 5,,37.4498090466,127.1455485891
성남시,파출소,파출소,단대,경기도 성남시 수정구 단대로 15,,37.4522982669,127.1582789805
성남시,파출소,파출소,수진1,경기도 성남시 수정구 탄리로 21,,37.4386659322,127.1388751589
성남시,파출소,파출소,태평4,경기도 성남시 수정구 남문로 128,,37.4478660474,127.1408885542
성남시,파출소,파출소,고등,경기도 성남시 수정구 고등공원로 47,,37.4297446169,127.1003640298
성남시,파출소,파출소,복정,경기도 성남시 수정구 복정로 36,,37.4561713068,127.1275067971
성남시,파출소,파출소,성남위례,경기도 성남시 수정구 위례동로 135-2,,37.4724096268,127.1496715592
성남시,파출소,지구대,성호,경기도 성남시 중원구 산성대로 190-6,,37.4360733649,127.1399840845
성남시,파출소,지구대,금광,경기도 성남시 중원구 광명로323번길 26,,37.4473586927,127.1613878517
성남시,파출소,파출소,대원,경기도 성남시 중원구 둔촌대로 439,,37.4329582333,127.1657706082
성남시,파출소,파출소,은행,경기도 성남시 중원구 은행로25번길 14,,37.4558159497,127.1653975522
성남시,파출소,파출소,도촌,경기도 성남시 중원구 도촌북로 43,,37.4176207766,127.1545942531
성남시,파출소,지구대,야탑,경기도 성남시 분당구 야탑로 76,,37.409615035,127.1273758408
성남시,파출소,지구대,서현,경기도 성남시 분당구 중앙공원로31번길 30,,37.3823177933,127.1262571291
성남시,파출소,지구대,금곡,경기도 성남시 분당구 성남대로171번길 12,,37.3516454294,127.1072933753
성남시,파출소,파출소,서판교,경기도 성남시 분당구 운중로146번길 6,,37.3908750585,127.0789254264
성남시,파출소,파출소,동판교,경기도 성남시 분당구 동판교로266번길 24,,37.406531146,127.1157414815
성남시,파출소,파출소,수내,경기도 성남시 분당구 불정로 253,,37.3667600626,127.1262891389
성남시,파출소,지구대,신흥,경기도 성남시 수정구 시민로 150,,37.4415482966,127.144151871
고양시,파출소,파출소,고양,경기도 고양시 덕양구 벽제관로 3,,37.7034216753,126.9039487688
고양시,파출소,파출소,행신3,경기도 고양시 덕양구 중앙로558번길 90,,37.6268138317,126.8389232004
고양시,파출소,파출소,화전,경기도 고양시 덕양구 중앙로 219,,37.6059435097,126.8660377638
고양시,파출소,지구대,대화,경기도 고양시 일산서구 일산로 670,,37.6828787011,126.7546614181
고양시,파출소,지구대,탄현,경기도 고양시 일산서구 현중로36번길 1,,37.6942189518,126.7678755745
고양시,파출소,지구대,중산,경기도 고양시 일산동구 중산로 220,,37.6916194789,126.7804570636
고양시,파출소,파출소,풍사,경기도 고양시 일산동구 숲속마을로 54,,37.6675840583,126.7973683398
고양시,파출소,지구대,백석,경기도 고양시 일산동구 장백로 76,,37.6441488751,126.7852452366
고양시,파출소,파출소,일산,경기도 고양시 일산서구 하늘마을로 190,,37.6801278137,126.7760658754
고양시,파출소,파출소,가좌,경기도 고양시 일산서구 가좌로 24,,37.6913466551,126.7232494027
고양시,파출소,지구대,주엽,경기도 고양시 일산서구 강성로 107,,37.670054277,126.7634867237
고양시,파출소,지구대,신도,경기도 고양시 덕양구 신도길 6,,37.6529325102,126.8939570142
고양시,파출소,지구대,원당,경기도 고양시 덕양구 호국로790번길 105,,37.6542566105,126.8416615154
고양시,파출소,지구대,행신,경기도 고양시 덕양구 중앙로 541-18,,37.6221093198,126.8357919673
고양시,파출소,지구대,화정,경기도 고양시 덕양구 은빛로 80,,37.6371666006,126.8366893454
고양시,파출소,지구대,마두,경기도 고양시 일산동구 노루목로 116,,37.6500024218,126.778489577
고양시,파출소,파출소,관산,경기도 고양시 덕양구 통일로 782,,37.6882775524,126.8639084709
성남시,학교,중학교,위례중앙중학교,경기도 성남시 수정구 위례순환로 91,,37.47188409,127.1382118
성남시,학교,고등학교,운중고등학교,경기도 성남시 분당구 운중로 95,,37.39280433,127.0736445
성남시,학교,고등학교,성남고등학교,경기도 성남시 중원구 시민로 61,,37.43400578,127.1471687
성남시,학교,초등학교,위례중앙초등학교,경기도 성남시 수정구 위례순환로 71,,37.47189037,127.1358729
성남시,학교,초등학교,위례한빛초등학교,경기도 성남시 수정구 위례동로 55,,37.46576542,127.1470188
성남시,학교,중학교,구미중학교,경기도 성남시 분당구 구미로173번길 29,,37.34634609,127.1236076
성남시,학교,중학교,성남동중학교,경기도 성남시 중원구 광명로361번길 23,,37.44873911,127.1641774
성남시,학교,초등학교,산운초등학교,경기도 성남시 분당구 판교원로117번길 11,,37.38975272,127.079026
성남시,학교,초등학교,성남서초등학교,경기도 성남시 수정구 태평로 19,,37.44854378,127.1294194
성남시,학교,초등학교,성남송현초등학교,경기도 성남시 분당구 동판교로 258,,37.40545218,127.1163459
성남시,학교,초등학교,성남여수초등학교,경기도 성남시 중원구 여수울로 37,,37.41945097,127.1330812
성남시,학교,중학교,판교대장중학교,경기도 성남시 분당구 판교대장로5길 71,,37.36827897,127.0697175
성남시,학교,초등학교,단대초등학교,경기도 성남시 수정구 단대로 30,,37.45368807,127.1577469
성남시,학교,초등학교,서현초등학교,경기도 성남시 분당구 중앙공원로39번길 12,,37.38257622,127.12855
성남시,학교,초등학교,성남장안초등학교,경기도 성남시 분당구 장안로51번길 10,,37.37266155,127.1444594
성남시,학교,중학교,창성중학교,경기도 성남시 수정구 수정로 400,,37.46072562,127.1540897
성남시,학교,초등학교,금상초등학교,경기도 성남시 중원구 금상로 97,,37.44355007,127.1659942
성남시,학교,고등학교,한솔고등학교,경기도 성남시 분당구 내정로 70,,37.36677616,127.1156884
성남시,학교,고등학교,분당고등학교,경기도 성남시 분당구 내정로165번길 31,,37.37563295,127.1160677
성남시,학교,초등학교,판교대장초등학교,경기도 성남시 분당구 판교대장로5길 71,,37.36825879,127.0697175
성남시,학교,초등학교,분당초등학교,경기도 성남시 분당구 중앙공원로32번길 20,,37.37898822,127.1296966
성남시,학교,초등학교,안말초등학교,경기도 성남시 분당구 양현로 104,,37.39315429,127.1259824
성남시,학교,초등학교,왕남초등학교,경기도 성남시 수정구 왕남로 24,,37.42868223,127.0984126
성남시,학교,중학교,송림중학교,경기도 성남시 분당구 이매로 100,,37.39191272,127.1318098
성남시,학교,중학교,은행중학교,경기도 성남시 중원구 순환로379번길 20,,37.45703332,127.1725674
성남시,학교,초등학교,수내초등학교,경기도 성남시 분당구 백현로243번길 12,,37.36776564,127.1246626
성남시,학교,중학교,동광중학교,경기도 성남시 중원구 원터로 84,,37.43463362,127.1434964
성남시,학교,고등학교,송림고등학교,경기도 성남시 분당구 이매로 100,,37.39191272,127.1318098
성남시,학교,고등학교,풍생고등학교,경기도 성남시 수정구 산성대로 111,,37.43504295,127.1314146
성남시,학교,중학교,하탑중학교,경기도 성남시 분당구 벌말로 11,,37.40946211,127.137175
성남시,학교,초등학교,신백현초등학교,경기도 성남시 분당구 판교역로14번길 42,,37.38757937,127.1117509
성남시,학교,중학교,풍생중학교,경기도 성남시 수정구 산성대로 111,,37.43504295,127.1314146
성남시,학교,중학교,성남중학교,경기도 성남시 중원구 원터로 64,,37.43246198,127.1443208
성남시,학교,초등학교,성수초등학교,경기도 성남시 수정구 모란로 11,,37.43376609,127.1272377
성남시,학교,초등학교,청솔초등학교,경기도 성남시 분당구 금곡로 243,,37.35465808,127.1141001
성남시,학교,초등학교,이매초등학교,경기도 성남시 분당구 양현로 146,,37.39721014,127.1264932
성남시,학교,초등학교,하탑초등학교,경기도 성남시 분당구 양현로 262,,37.4073264,127.1266127
성남시,학교,중학교,숭신여자중학교,경기도 성남시 중원구 황송로77번길 34,,37.45026861,127.1700177
성남시,학교,고등학교,판교고등학교,경기도 성남시 분당구 동판교로 257,,37.40514882,127.1147726
성남시,학교,초등학교,복정초등학교,경기도 성남시 수정구 성남대로1480번길 25,,37.46247112,127.1303836
성남시,학교,고등학교,복정고등학교,경기도 성남시 수정구 복정안골로 35,,37.46152833,127.1372794
성남시,학교,중학교,매송중학교,경기도 성남시 분당구 탄천로 49,,37.39673763,127.1233688
성남시,학교,고등학교,낙생고등학교,경기도 성남시 분당구 대왕판교로 477,,37.38610469,127.1003748
성남시,학교,중학교,대원중학교,경기도 성남시 중원구 황송로 35,,37.44763955,127.1725632
성남시,학교,중학교,이매중학교,경기도 성남시 분당구 양현로 194,,37.40192933,127.1260549
성남시,학교,초등학교,돌마초등학교,경기도 성남시 분당구 야탑로 96-7,,37.40909939,127.1303783
성남시,학교,초등학교,상탑초등학교,경기도 성남시 분당구 판교로 647,,37.40620861,127.1456346
성남시,학교,초등학교,도촌초등학교,경기도 성남시 중원구 도촌남로 99,,37.41472797,127.1580222
성남시,학교,중학교,영성중학교,경기도 성남시 중원구 둔촌대로248번길 7,,37.42721098,127.147292
성남시,학교,중학교,야탑중학교,경기도 성남시 분당구 양현로 442,,37.41612945,127.1312341
성남시,학교,고등학교,효성고등학교,경기도 성남시 수정구 심곡로 16,,37.4502211,127.1040748
성남시,학교,고등학교,성남테크노과학고등학교,경기도 성남시 중원구 둔촌대로258번길 7,,37.42762312,127.1477126
성남시,학교,초등학교,성남매송초등학교,경기도 성남시 분당구 탄천로 97,,37.40218357,127.1224032
성남시,학교,중학교,판교중학교,경기도 성남시 분당구 판교원로 193,,37.38722313,127.0875578
성남시,학교,중학교,정자중학교,경기도 성남시 분당구 황새울로 60,,37.3653198,127.1101466
성남시,학교,초등학교,구미초등학교,경기도 성남시 분당구 미금로22번길 25,,37.33776429,127.1183073
성남시,학교,초등학교,수진초등학교,경기도 성남시 수정구 탄리로95번길 16,,37.44494388,127.1334651
성남시,학교,초등학교,성남초등학교,경기도 성남시 수정구 수정로 233,,37.44608455,127.144146
성남시,학교,초등학교,한솔초등학교,경기도 성남시 분당구 돌마로 303,,37.36677602,127.1180159
성남시,학교,초등학교,불곡초등학교,경기도 성남시 분당구 무지개로 129,,37.34098363,127.1197315
성남시,학교,중학교,수진중학교,경기도 성남시 수정구 모란로 55,,37.43711701,127.1236376
성남시,학교,중학교,성남여자중학교,경기도 성남시 수정구 공원로 446,,37.45023391,127.1427174
성남시,학교,초등학교,성남신기초등학교,경기도 성남시 분당구 황새울로 74,,37.36658192,127.1110596
성남시,학교,고등학교,분당아람고등학교,경기도 성남시 분당구 장미로 153,,37.41377813,127.1386738
성남시,학교,고등학교,수내고등학교,경기도 성남시 분당구 발이봉북로 15,,37.36611486,127.1298639
성남시,학교,중학교,분당중학교,경기도 성남시 분당구 황새울로 4,,37.36090634,127.1110695
성남시,학교,초등학교,성남북초등학교,경기도 성남시 수정구 희망로534번길 3,,37.45149984,127.1514735
성남시,학교,초등학교,오리초등학교,경기도 성남시 분당구 미금로 121,,37.34435285,127.1153656
성남시,학교,중학교,태평중학교,경기도 성남시 수정구 제일로 223,,37.44667267,127.1288292
성남시,학교,초등학교,대하초등학교,경기도 성남시 중원구 시민로 14,,37.43190777,127.1513041
성남시,학교,고등학교,성남외국어고등학교,경기도 성남시 분당구 대왕판교로385번길 28,,37.37860539,127.0965798
성남시,학교,초등학교,성남양지초등학교,경기도 성남시 수정구 논골로36번길 33,,37.45921737,127.1608837
성남시,학교,고등학교,이매고등학교,경기도 성남시 분당구 탄천로 1,,37.39240095,127.1209492
성남시,학교,초등학교,성남제일초등학교,경기도 성남시 중원구 광명로184번길 23,,37.43890676,127.1496107
성남시,학교,초등학교,판교초등학교,경기도 성남시 분당구 판교원로 231,,37.38728227,127.0914433
성남시,학교,고등학교,성남여자고등학교,경기도 성남시 중원구 원터로94번길 6,,37.43615488,127.1446087
성남시,학교,중학교,삼평중학교,경기도 성남시 분당구 대왕판교로644번길 77,,37.40060747,127.1157402
성남시,학교,고등학교,성일정보고등학교,경기도 성남시 중원구 시민로77번길 10-2,,37.43487853,127.1448205
성남시,학교,고등학교,양영디지털고등학교,경기도 성남시 분당구 불정로386번길 35,,37.37401753,127.1400112
성남시,학교,중학교,불곡중학교,경기도 성남시 분당구 금곡로 139,,37.34745932,127.119915
성남시,학교,초등학교,성남미금초등학교,경기도 성남시 분당구 미금로 151,,37.34742048,127.1153003
성남시,학교,초등학교,대일초등학교,경기도 성남시 중원구 금상로58번길 22,,37.43846881,127.1641844
성남시,학교,초등학교,야탑초등학교,경기도 성남시 분당구 양현로 400,,37.41661561,127.1256267
성남시,학교,중학교,수내중학교,경기도 성남시 분당구 수내로192번길 12,,37.37098934,127.1261902
성남시,학교,고등학교,불곡고등학교,경기도 성남시 분당구 금곡로 149,,37.34848033,127.1185237
성남시,학교,초등학교,단남초등학교,경기도 성남시 중원구 금광로12번길 5,,37.44290368,127.161375
성남시,학교,중학교,성남문원중학교,경기도 성남시 수정구 논골로 79,,37.46091703,127.1574144
성남시,학교,초등학교,하원초등학교,경기도 성남시 중원구 광명로 396,,37.44625438,127.1702362
성남시,학교,초등학교,성남은행초등학교,경기도 성남시 중원구 순환로447번길 11,,37.46100227,127.1709005
성남시,학교,중학교,내정중학교,경기도 성남시 분당구 백현로 197,,37.37073068,127.1194777
성남시,학교,중학교,신백현중학교,경기도 성남시 분당구 판교역로50번길 19,,37.38628783,127.1102903
성남시,학교,고등학교,분당영덕여자고등학교,경기도 성남시 분당구 판교로592번길 13,,37.40529859,127.1394071
성남시,학교,고등학교,이우고등학교,경기도 성남시 분당구 동막로 287,,37.35324326,127.090941
성남시,학교,고등학교,성일고등학교,경기도 성남시 중원구 시민로77번길 10,,37.43487853,127.1448205
성남시,학교,초등학교,운중초등학교,경기도 성남시 분당구 운중로45번길 8,,37.39241921,127.0689381
성남시,학교,초등학교,성남정자초등학교,경기도 성남시 분당구 분당수서로 442,,37.37451655,127.1049139
성남시,학교,고등학교,서현고등학교,경기도 성남시 분당구 분당로 87,,37.38222205,127.1240595
성남시,학교,고등학교,늘푸른고등학교,경기도 성남시 분당구 성남대로407번길 26,,37.37332701,127.1053275
성남시,학교,고등학교,계원예술고등학교,경기도 성남시 분당구 불정로 100,,37.35836192,127.1155061
성남시,학교,고등학교,보평고등학교,경기도 성남시 분당구 동판교로 124,,37.39419168,127.1176047
성남시,학교,초등학교,보평초등학교,경기도 성남시 분당구 동판교로 154,,37.39603837,127.1177564
성남시,학교,중학교,금광중학교,경기도 성남시 중원구 황송로 25,,37.44660311,127.1716429
성남시,학교,중학교,운중중학교,경기도 성남시 분당구 운중로 96,,37.39124417,127.0736017
성남시,학교,초등학교,성남동초등학교,경기도 성남시 중원구 자혜로32번길 10,,37.4492524,127.1621785
성남시,학교,중학교,샛별중학교,경기도 성남시 분당구 불정로 288,,37.36813084,127.1299286
성남시,학교,고등학교,분당경영고등학교,경기도 성남시 분당구 금곡로 289,,37.35502581,127.1096108
성남시,학교,초등학교,서당초등학교,경기도 성남시 분당구 돌마로476번길 30,,37.37460238,127.1345888
성남시,학교,초등학교,희망대초등학교,경기도 성남시 수정구 공원로370번길 29,,37.44749919,127.1491148
성남시,학교,초등학교,중부초등학교,경기도 성남시 중원구 자혜로 55,,37.45154694,127.1649507
성남시,학교,중학교,이우중학교,경기도 성남시 분당구 동막로 287,,37.35324326,127.090941
성남시,학교,중학교,장안중학교,경기도 성남시 분당구 장안로 70,,37.37142116,127.1466861
성남시,학교,중학교,낙원중학교,경기도 성남시 분당구 서판교로132번길 11,,37.39919048,127.0961776
성남시,학교,고등학교,분당중앙고등학교,경기도 성남시 분당구 불정로 174,,37.36064712,127.1246258
성남시,학교,고등학교,분당대진고등학교,경기도 성남시 분당구 분당로 271,,37.36941233,127.1381475
성남시,학교,고등학교,동광고등학교,경기도 성남시 중원구 원터로 84,,37.43463362,127.1434964
성남시,학교,초등학교,낙생초등학교,경기도 성남시 분당구 서판교로74번길 11,,37.39430405,127.0989134
성남시,학교,고등학교,돌마고등학교,경기도 성남시 분당구 이매로 105,,37.39327801,127.1321643
성남시,학교,중학교,성남서중학교,경기도 성남시 수정구 희망로 496,,37.44911542,127.1541109
성남시,학교,초등학교,태평초등학교,경기도 성남시 수정구 남문로32번길 7,,37.44495416,127.1316938
성남시,학교,초등학교,백현초등학교,경기도 성남시 분당구 백현로144번길 26,,37.37219331,127.1111656
성남시,학교,초등학교,중탑초등학교,경기도 성남시 분당구 벌말로 68,,37.41392399,127.1396854
성남시,학교,중학교,늘푸른중학교,경기도 성남시 분당구 정자일로 77,,37.35739426,127.1051176
성남시,학교,고등학교,숭신여자고등학교,경기도 성남시 중원구 황송로77번길 34,,37.45026861,127.1700177
성남시,학교,초등학교,성남신흥초등학교,경기도 성남시 수정구 공원로436번길 17,,37.45057746,127.1434705
성남시,학교,초등학교,내정초등학교,경기도 성남시 분당구 내정로174번길 19,,37.3724032,127.122265
성남시,학교,초등학교,상원초등학교,경기도 성남시 중원구 은행로 6,,37.45388421,127.1627759
성남시,학교,중학교,상원여자중학교,경기도 성남시 수정구 논골로35번길 6-1,,37.45701189,127.1580691
성남시,학교,초등학교,중원초등학교,경기도 성남시 중원구 사기막골로31번길 46,,37.43785528,127.1678574
성남시,학교,중학교,도촌중학교,경기도 성남시 중원구 도촌북로 50,,37.41676815,127.1542449
성남시,학교,초등학교,양영초등학교,경기도 성남시 분당구 불정로406번길 17,,37.37465969,127.1400905
성남시,학교,초등학교,당촌초등학교,경기도 성남시 분당구 분당로 196,,37.37368941,127.131262
성남시,학교,고등학교,위례한빛고등학교,경기도 성남시 수정구 위례동로 86,,37.46721061,127.1500063
성남시,학교,초등학교,위례푸른초등학교,경기도 성남시 수정구 위례순환로 205,,37.47073159,127.1509587
성남시,학교,중학교,위례한빛중학교,경기도 성남시 수정구 위례동로 85,,37.46797483,127.1486362
성남시,학교,초등학교,위례고운초등학교,경기도 성남시 수정구 위례순환로 155,,37.47148964,127.1457743
성남시,학교,중학교,백현중학교,경기도 성남시 분당구 황새울로 124,,37.37132024,127.1106623
성남시,학교,고등학교,태원고등학교,경기도 성남시 분당구 성남대로 822,,37.40391632,127.1290213
성남시,학교,초등학교,금빛초등학교,경기도 성남시 수정구 남문로 112,,37.44734641,127.1405553
성남시,학교,초등학교,탄천초등학교,경기도 성남시 분당구 내정로 20,,37.36159606,127.1156357
성남시,학교,초등학교,성남수정초등학교,경기도 성남시 수정구 제일로123번길 9,,37.43621121,127.1327837
성남시,학교,초등학교,불정초등학교,경기도 성남시 분당구 돌마로 250,,37.36125574,127.1194969
성남시,학교,초등학교,검단초등학교,경기도 성남시 중원구 원터로 25,,37.42948258,127.144034
성남시,학교,고등학교,야탑고등학교,경기도 성남시 분당구 판교로 738,,37.40376833,127.1535645
성남시,학교,중학교,성일중학교,경기도 성남시 중원구 시민로77번길 10-1,,37.43487853,127.1448205
성남시,학교,중학교,보평중학교,경기도 성남시 분당구 동판교로 131,,37.39395033,127.1157671
성남시,학교,초등학교,성남화랑초등학교,경기도 성남시 분당구 동판교로 77,,37.39022385,127.1158892
성남시,학교,초등학교,초림초등학교,경기도 성남시 분당구 수내로90번길 26,,37.37682557,127.1175924
성남시,학교,중학교,양영중학교,경기도 성남시 분당구 돌마로486번길 23,,37.37652556,127.1359747
성남시,학교,고등학교,성보경영고등학교,경기도 성남시 수정구 논골로 82,,37.46184664,127.1585265
성남시,학교,초등학교,늘푸른초등학교,경기도 성남시 분당구 정자일로 87,,37.35833354,127.1056708
성남시,학교,중학교,서현중학교,경기도 성남시 분당구 중앙공원로 54-1,,37.3807546,127.1335296
성남시,학교,초등학교,상대원초등학교,경기도 성남시 중원구 순환로214번길 16,,37.4423833,127.181591
성남시,학교,초등학교,성남중앙초등학교,경기도 성남시 중원구 원터로94번길 7,,37.43625492,127.1435588
고양시,학교,초등학교,성석초등학교,경기도 고양시 일산동구 문봉길 110,,37.70737883,126.8123741
고양시,학교,초등학교,행신초등학교,경기도 고양시 덕양구 중앙로 527,,37.62194692,126.8364546
고양시,학교,초등학교,황룡초등학교,경기도 고양시 일산서구 탄현로 75,,37.69844738,126.7680071
고양시,학교,초등학교,오마초등학교,경기도 고양시 일산서구 주엽로 214,,37.67704114,126.7629997
고양시,학교,초등학교,율동초등학교,경기도 고양시 일산동구 산두로 223,,37.67544394,126.7788445
고양시,학교,초등학교,지도초등학교,경기도 고양시 덕양구 성신로 49,,37.62827339,126.8337591
고양시,학교,초등학교,정발초등학교,경기도 고양시 일산동구 강송로 190,,37.65577171,126.783759
고양시,학교,초등학교,덕은초등학교,경기도 고양시 덕양구 중앙로176번길 18-4,,37.60332601,126.8727127
고양시,학교,중학교,일산양일중학교,경기도 고양시 일산동구 위시티3로 47,,37.67683594,126.8155141
고양시,학교,초등학교,목암초등학교,경기도 고양시 덕양구 푸른마을로 63,,37.71418948,126.90466
고양시,학교,중학교,백석중학교,경기도 고양시 일산동구 호수로 404,,37.64200418,126.7828353
고양시,학교,초등학교,신능초등학교,경기도 고양시 덕양구 충장로123번길 37,,37.62414406,126.8312671
고양시,학교,초등학교,성신초등학교,경기도 고양시 덕양구 성신로 104,,37.62663419,126.83992
고양시,학교,초등학교,백마초등학교,경기도 고양시 일산동구 일산로 230,,37.65789717,126.7908831
고양시,학교,초등학교,대화초등학교,경기도 고양시 일산서구 송포로 50,,37.67157089,126.7323693
고양시,학교,중학교,원당중학교,경기도 고양시 덕양구 마상로 1,,37.66465516,126.8231393
고양시,학교,고등학교,세원고등학교,경기도 고양시 일산동구 숲속마을로 202,,37.67146934,126.8033476
고양시,학교,초등학교,장성초등학교,경기도 고양시 일산서구 일산로 738,,37.67794916,126.7496619
고양시,학교,고등학교,고양고등학교,경기도 고양시 덕양구 삼송로 171,,37.6542399,126.8908686
고양시,학교,초등학교,성라초등학교,경기도 고양시 덕양구 호국로716번길 13-19,,37.65279018,126.8338443
고양시,학교,고등학교,중산고등학교,경기도 고양시 일산동구 중산로 290,,37.69694847,126.7825931
고양시,학교,초등학교,고양동산초등학교,경기도 고양시 덕양구 동세로 32,,37.64638623,126.8865118
고양시,학교,초등학교,호수초등학교,경기도 고양시 일산동구 강촌로 27,,37.6470271,126.7779626
고양시,학교,고등학교,덕이고등학교,경기도 고양시 일산서구 하이파크1로 64,,37.69575632,126.7548512
고양시,학교,초등학교,무원초등학교,경기도 고양시 덕양구 무원로 47,,37.6176977,126.8316582
고양시,학교,초등학교,장촌초등학교,경기도 고양시 일산서구 호수로856번길 43,,37.67282742,126.7489605
고양시,학교,초등학교,지효초등학교,경기도 고양시 덕양구 오부자로 115,,37.65032906,126.9220106
고양시,학교,고등학교,성사고등학교,경기도 고양시 덕양구 호국로 869,,37.66300526,126.8421078
고양시,학교,고등학교,고양동산고등학교,경기도 고양시 덕양구 동세로 20,,37.64465312,126.8876033
고양시,학교,초등학교,능곡초등학교,경기도 고양시 덕양구 토당로67번길 66,,37.62445113,126.8159437
고양시,학교,초등학교,안곡초등학교,경기도 고양시 일산동구 중산로 142,,37.68475123,126.7818546
고양시,학교,초등학교,창릉초등학교,경기도 고양시 덕양구 덕수천2로 118,,37.64831721,126.8932376
고양시,학교,초등학교,덕은한강초등학교,경기도 고양시 덕양구 대덕산로 55,,37.58145736,126.8636597
고양시,학교,초등학교,흥도초등학교,경기도 고양시 덕양구 도래울1로 83,,37.62748273,126.8718082
고양시,학교,초등학교,강선초등학교,경기도 고양시 일산서구 강선로 77,,37.67122823,126.7646257
고양시,학교,초등학교,한류초등학교,경기도 고양시 일산동구 한류월드로 262,,37.66226794,126.7569581
고양시,학교,고등학교,행신고등학교,경기도 고양시 덕양구 소만로 36,,37.61640532,126.8426241
고양시,학교,초등학교,행남초등학교,경기도 고양시 덕양구 소만로 22,,37.61518264,126.8425493
고양시,학교,초등학교,가람초등학교,경기도 고양시 덕양구 행신로311번길 78,,37.62371945,126.8422244
고양시,학교,중학교,화정중학교,경기도 고양시 덕양구 화신로 343,,37.63491092,126.8264796
고양시,학교,중학교,성사중학교,경기도 고양시 덕양구 호국로 887,,37.6637849,126.8429581
고양시,학교,초등학교,고양화정초등학교,경기도 고양시 덕양구 화신로 333,,37.63400605,126.826111
고양시,학교,중학교,서정중학교,경기도 고양시 덕양구 서정마을로 22,,37.61849724,126.84973
고양시,학교,고등학교,무원고등학교,경기도 고양시 덕양구 화신로 65,,37.61907994,126.8381619
고양시,학교,초등학교,고봉초등학교,경기도 고양시 일산동구 중산로 280,,37.69613944,126.7826205
고양시,학교,초등학교,모당초등학교,경기도 고양시 일산동구 하늘마을로 144,,37.67953059,126.7807721
고양시,학교,초등학교,한뫼초등학교,경기도 고양시 일산서구 고양대로 629,,37.68657933,126.7667049
고양시,학교,중학교,일산동중학교,경기도 고양시 일산서구 현중로 48,,37.69537427,126.7680679
고양시,학교,고등학교,백마고등학교,경기도 고양시 일산동구 백석로 155,,37.65198233,126.7940121
고양시,학교,중학교,덕양중학교,경기도 고양시 덕양구 중앙로176번길 18-29,,37.60465416,126.8717155
고양시,학교,고등학교,신일비즈니스고등학교,경기도 고양시 일산서구 킨텍스로 452,,37.68305784,126.7621788
고양시,학교,초등학교,문화초등학교,경기도 고양시 일산서구 강선로 123,,37.67486374,126.7672033
고양시,학교,고등학교,향동고등학교,경기도 고양시 덕양구 향기3로 6,,37.59643105,126.8934462
고양시,학교,초등학교,벽제초등학교,경기도 고양시 일산동구 공릉천로 13,,37.69562939,126.8432728
고양시,학교,초등학교,양일초등학교,경기도 고양시 일산동구 위시티로 151,,37.68534412,126.8136095
고양시,학교,초등학교,용두초등학교,경기도 고양시 덕양구 용두로121번길 20,,37.62157483,126.8932079
고양시,학교,초등학교,서정초등학교,경기도 고양시 덕양구 소원로 251,,37.61434108,126.8488394
고양시,학교,중학교,풍동중학교,경기도 고양시 일산동구 숲속마을1로 101,,37.67083031,126.7996206
고양시,학교,중학교,덕은한강중학교,경기도 고양시 덕양구 대덕산로 111,,37.5821167,126.8686089
고양시,학교,고등학교,백신고등학교,경기도 고양시 일산동구 백석로 8,,37.64248837,126.7819557
고양시,학교,중학교,오마중학교,경기도 고양시 일산서구 주엽로 213,,37.6776984,126.7615621
고양시,학교,중학교,가람중학교,경기도 고양시 덕양구 화신로 122,,37.62365997,126.8412071
고양시,학교,고등학교,저현고등학교,경기도 고양시 일산동구 위시티3로 37,,37.67779541,126.8159566
고양시,학교,초등학교,백송초등학교,경기도 고양시 일산서구 하이파크3로 110,,37.70180887,126.7535566
고양시,학교,고등학교,고양일고등학교,경기도 고양시 덕양구 읍내로 13,,37.6997244,126.9013355
고양시,학교,초등학교,한산초등학교,경기도 고양시 일산서구 하이파크1로 56,,37.69594625,126.7532616
고양시,학교,초등학교,지축초등학교,경기도 고양시 덕양구 오부자로 50,,37.65291086,126.9159516
고양시,학교,초등학교,한수초등학교,경기도 고양시 일산서구 주엽로 118,,37.66933747,126.7575689
고양시,학교,초등학교,원중초등학교,경기도 고양시 일산동구 위시티3로 67,,37.6751316,126.814731
고양시,학교,중학교,장성중학교,경기도 고양시 일산서구 대산로 254,,37.68131955,126.7513728
고양시,학교,고등학교,주엽고등학교,경기도 고양시 일산서구 킨텍스로 341,,37.67610348,126.754359
고양시,학교,중학교,지도중학교,경기도 고양시 덕양구 성신로 46,,37.62706051,126.8340317
고양시,학교,고등학교,풍동고등학교,경기도 고양시 일산동구 숲속마을로 119,,37.6718435,126.7950813
고양시,학교,초등학교,원당초등학교,경기도 고양시 덕양구 마상로107번길 13,,37.66235886,126.834931
고양시,학교,고등학교,서정고등학교,경기도 고양시 덕양구 서정마을2로 39,,37.62124515,126.8493849
고양시,학교,초등학교,고양화수초등학교,경기도 고양시 덕양구 화수로 25,,37.64537919,126.8327312
고양시,학교,초등학교,고양오금초등학교,경기도 고양시 덕양구 오금1로 10,,37.66269202,126.8952556
고양시,학교,초등학교,백양초등학교,경기도 고양시 덕양구 화신로 238,,37.63225803,126.8361005
고양시,학교,초등학교,송포초등학교,경기도 고양시 일산서구 송산로 379,,37.68540122,126.7205405
고양시,학교,중학교,고양제일중학교,경기도 고양시 덕양구 통일로 820,,37.69052753,126.8592787
고양시,학교,중학교,고양송산중학교,경기도 고양시 일산서구 가좌2로 15,,37.68786495,126.7220035
고양시,학교,중학교,대화중학교,경기도 고양시 일산서구 고양대로 348,,37.67381374,126.7444769
고양시,학교,중학교,저동중학교,경기도 고양시 일산동구 무궁화로 159,,37.67073855,126.7779123
고양시,학교,중학교,신일중학교,경기도 고양시 일산서구 고봉로 177,,37.67661384,126.7741412
고양시,학교,고등학교,화수고등학교,경기도 고양시 덕양구 화수로 51,,37.64506907,126.8361544
고양시,학교,중학교,무원중학교,경기도 고양시 덕양구 무원로 45,,37.6176865,126.8305817
고양시,학교,고등학교,화정고등학교,경기도 고양시 덕양구 화정로 17,,37.63621861,126.8275231
고양시,학교,고등학교,능곡고등학교,경기도 고양시 덕양구 지도로 76,,37.62396116,126.8255017
고양시,학교,중학교,대송중학교,경기도 고양시 일산서구 송포로 49,,37.67086006,126.7308676
고양시,학교,중학교,정발중학교,경기도 고양시 일산동구 정발산로 115,,37.6594744,126.7807456
고양시,학교,고등학교,일산국제컨벤션고등학교,경기도 고양시 일산서구 고봉로 133,,37.67288456,126.771578
고양시,학교,초등학교,신촌초등학교,경기도 고양시 일산서구 후곡로 52,,37.68162503,126.7661082
고양시,학교,초등학교,풍산초등학교,경기도 고양시 일산동구 숲속마을로 51,,37.66687039,126.7967057
고양시,학교,초등학교,중산초등학교,경기도 고양시 일산동구 탄중로 373,,37.69044448,126.7835571
고양시,학교,고등학교,고양예술고등학교,경기도 고양시 일산서구 덕이로172번길 4-39,,37.69741041,126.742303
고양시,학교,고등학교,백송고등학교,경기도 고양시 일산서구 덕이로172번길 4-39,,37.69741041,126.742303
고양시,학교,중학교,원흥중학교,경기도 고양시 덕양구 원흥1로 10,,37.64932815,126.8683708
고양시,학교,초등학교,저동초등학교,경기도 고양시 일산동구 대산로11번길 37,,37.66801128,126.7738784
고양시,학교,중학교,백마중학교,경기도 고양시 일산동구 강촌로 189,,37.65512778,126.7933085
고양시,학교,초등학교,대곡초등학교,경기도 고양시 덕양구 대주로 138-50,,37.64115655,126.8127529
고양시,학교,중학교,안곡중학교,경기도 고양시 일산동구 하늘마을로 93,,37.68100718,126.7868841
고양시,학교,고등학교,안곡고등학교,경기도 고양시 일산동구 하늘마을로 75,,37.68200197,126.7872084
고양시,학교,중학교,향동중학교,경기도 고양시 덕양구 향동1로 38,,37.60301142,126.8953017
고양시,학교,중학교,발산중학교,경기도 고양시 일산서구 고봉로 99,,37.66984321,126.7696268
고양시,학교,초등학교,낙민초등학교,경기도 고양시 일산동구 강석로 134,,37.65392838,126.7801004
고양시,학교,초등학교,고양백석초등학교,경기도 고양시 일산동구 강촌로 140,,37.65213917,126.7890577
고양시,학교,초등학교,냉천초등학교,경기도 고양시 일산동구 산두로 99,,37.66672298,126.7856589
고양시,학교,초등학교,토당초등학교,경기도 고양시 덕양구 행신로 90,,37.61719519,126.8262942
고양시,학교,초등학교,원흥초등학교,경기도 고양시 덕양구 원흥1로 26,,37.65103799,126.8687604
고양시,학교,고등학교,경기영상과학고등학교,경기도 고양시 일산서구 강선로 8,,37.66540546,126.7621008
고양시,학교,초등학교,하늘초등학교,경기도 고양시 일산동구 하늘마을1로 46,,37.67735902,126.7898583
고양시,학교,초등학교,고양관산초등학교,경기도 고양시 덕양구 통일로726번길 130,,37.69212325,126.8665469
고양시,학교,초등학교,상탄초등학교,경기도 고양시 일산서구 현중로 47,,37.6951347,126.7666945
고양시,학교,초등학교,도래울초등학교,경기도 고양시 덕양구 도래울3로 5,,37.63173858,126.8705791
고양시,학교,중학교,능곡중학교,경기도 고양시 덕양구 행당로11번길 48,,37.62292202,126.8266419
고양시,학교,초등학교,일산은행초등학교,경기도 고양시 일산동구 은행마을로 70,,37.66932912,126.8064844
고양시,학교,중학교,백신중학교,경기도 고양시 일산동구 강촌로 89,,37.65133133,126.7831772
고양시,학교,초등학교,다솜초등학교,경기도 고양시 일산동구 숲속마을로 139,,37.67250709,126.7965778
고양시,학교,초등학교,금계초등학교,경기도 고양시 일산동구 강촌로 90,,37.649601,126.7843119
고양시,학교,초등학교,문촌초등학교,경기도 고양시 일산서구 주엽로 168,,37.6733938,126.7604434
고양시,학교,중학교,백양중학교,경기도 고양시 덕양구 화신로 236,,37.63133167,126.8359445
고양시,학교,고등학교,도래울고등학교,경기도 고양시 덕양구 도래울1로 67,,37.62858197,126.8705724
고양시,학교,초등학교,성저초등학교,경기도 고양시 일산서구 성저로 92,,37.68474502,126.7573647
고양시,학교,고등학교,일산고등학교,경기도 고양시 일산서구 원일로 53,,37.6889721,126.7683384
고양시,학교,초등학교,일산초등학교,경기도 고양시 일산서구 일중로15번길 38,,37.68298887,126.7719674
고양시,학교,중학교,신능중학교,경기도 고양시 덕양구 충장로 78,,37.61956704,126.8354977
고양시,학교,초등학교,주엽초등학교,경기도 고양시 일산서구 강선로 29,,37.66738993,126.7615108
고양시,학교,초등학교,고양한내초등학교,경기도 고양시 일산서구 고양대로255번길 27,,37.66870419,126.7354821
고양시,학교,중학교,도래울중학교,경기도 고양시 덕양구 도래울로 57,,37.63190171,126.8686434
고양시,학교,중학교,중산중학교,경기도 고양시 일산동구 탄중로 361,,37.69140401,126.7835017
고양시,학교,고등학교,대화고등학교,경기도 고양시 일산서구 대화로 100,,37.66846943,126.732143
고양시,학교,고등학교,일산동고등학교,경기도 고양시 일산서구 탄현로 100,,37.7006519,126.7686598
고양시,학교,고등학교,일산대진고등학교,경기도 고양시 일산서구 대산로 246,,37.68047139,126.7515967
고양시,학교,초등학교,소만초등학교,경기도 고양시 덕양구 화신로 48,,37.61754278,126.8395857
고양시,학교,초등학교,행주초등학교,경기도 고양시 덕양구 행주로17번길 70,,37.6034034,126.8243428
고양시,학교,중학교,행신중학교,경기도 고양시 덕양구 화신로 22,,37.61515697,126.8396543
고양시,학교,초등학교,고양장항초등학교,경기도 고양시 일산동구 장항한강5로 60,,37.64860182,126.7542941
고양시,학교,초등학교,고양용현초등학교,경기도 고양시 덕양구 화신로 21,,37.61517772,126.8382259
고양시,학교,고등학교,고양외국어고등학교,경기도 고양시 덕양구 통일로 820,,37.69052753,126.8592787
고양시,학교,초등학교,삼송초등학교,경기도 고양시 덕양구 세솔로 150,,37.6541995,126.8823957
고양시,학교,초등학교,호곡초등학교,경기도 고양시 일산서구 탄현로 109,,37.70111367,126.7667961
고양시,학교,초등학교,덕이초등학교,경기도 고양시 일산서구 덕이로 104,,37.69275572,126.7483805
고양시,학교,초등학교,아람초등학교,경기도 고양시 덕양구 서정마을로 36,,37.61945664,126.8504123
고양시,학교,초등학교,가좌초등학교,경기도 고양시 일산서구 가좌2로 31,,37.6884818,126.7213641
고양시,학교,고등학교,백양고등학교,경기도 고양시 덕양구 화신로 199,,37.62949459,126.8384269
고양시,학교,초등학교,용정초등학교,경기도 고양시 덕양구 은빛로17번길 53,,37.64051723,126.8296499
고양시,학교,중학교,한수중학교,경기도 고양시 일산서구 주엽로 117,,37.66990116,126.7561898
고양시,학교,중학교,목암중학교,경기도 고양시 덕양구 푸른마을로 65,,37.71407596,126.9057794
고양시,학교,중학교,풍산중학교,경기도 고양시 일산동구 숲속마을1로 33,,37.6647462,126.7991028
고양시,학교,초등학교,풍동초등학교,경기도 고양시 일산동구 숲속마을로 14-43,,37.66951599,126.8025233
고양시,학교,고등학교,백석고등학교,경기도 고양시 일산동구 강촌로 115,,37.6529063,126.7869189
고양시,학교,중학교,호곡중학교,경기도 고양시 일산서구 탄현로 110,,37.70159366,126.7685069
고양시,학교,중학교,화수중학교,경기도 고양시 덕양구 화수로 47,,37.64522938,126.834916
고양시,학교,초등학교,현산초등학교,경기도 고양시 일산서구 산현로 87,,37.69269168,126.7710938
고양시,학교,초등학교,화중초등학교,경기도 고양시 덕양구 화중로152번길 43,,37.64089349,126.8360183
고양시,학교,고등학교,가좌고등학교,경기도 고양시 일산서구 가좌1로 43,,37.68802952,126.7201873
고양시,학교,고등학교,저동고등학교,경기도 고양시 일산동구 무궁화로 165,,37.67086575,126.7790577
고양시,학교,초등학교,향동숲내초등학교,경기도 고양시 덕양구 향기로 53,,37.59520859,126.8908446
고양시,학교,초등학교,내유초등학교,경기도 고양시 덕양구 통일로 1132,,37.71556258,126.8519554
고양시,학교,고등학교,신원고등학교,경기도 고양시 덕양구 통일로 391,,37.66840557,126.886943
고양시,학교,초등학교,백신초등학교,경기도 고양시 일산동구 강촌로26번길 66,,37.64426795,126.7811094
고양시,학교,초등학교,성사초등학교,경기도 고양시 덕양구 호국로834번길 89,,37.65782169,126.8436524
고양시,학교,고등학교,정발고등학교,경기도 고양시 일산동구 정발산로 185,,37.66365025,126.7861372
고양시,학교,고등학교,고양국제고등학교,경기도 고양시 일산동구 위시티4로 112,,37.68458737,126.8086453
고양시,학교,중학교,현산중학교,경기도 고양시 일산서구 일청로 85,,37.69124586,126.774003
고양시,학교,중학교,신원중학교,경기도 고양시 덕양구 신원2로 6,,37.66750838,126.8877768
고양시,학교,중학교,일산중학교,경기도 고양시 일산서구 원일로 53,,37.68897122,126.7683384
고양시,학교,초등학교,향동초등학교,경기도 고양시 덕양구 향동1로 37,,37.60347891,126.8954667
고양시,학교,초등학교,고양신일초등학교,경기도 고양시 일산서구 강선로 183,,37.67954962,126.7708302
고양시,학교,초등학교,신원초등학교,경기도 고양시 덕양구 신원3로 21,,37.66780558,126.8858833
고양시,학교,중학교,덕이중학교,경기도 고양시 일산서구 하이파크3로 122,,37.70291507,126.7536353
고양시,학교,초등학교,고양초등학교,경기도 고양시 덕양구 혜음로13번길 22-7,,37.70312414,126.899631
고양시,학교,중학교,지축중학교,경기도 고양시 덕양구 오부자2길 14,,37.65336369,126.9177423
고양시,학교,중학교,고양중학교,경기도 고양시 덕양구 동세로 82,,37.64960904,126.8845811
창원시,학교,초등학교,하천초등학교,경상남도 창원시 의창구 북면 하천로 145,,35.36926399,128.6046833
창원시,학교,중학교,봉곡중학교,경상남도 창원시 의창구 봉곡로23번길 6,,35.2487636,128.6617998
창원시,학교,초등학교,반송초등학교,경상남도 창원시 성산구 반송로 133,,35.23736464,128.6697187
창원시,학교,중학교,구암중학교,경상남도 창원시 마산회원구 구암북11길 26,,35.25608813,128.5967086
창원시,학교,고등학교,창원중앙여자고등학교,경상남도 창원시 성산구 단정로 121,,35.21429866,128.6924259
창원시,학교,초등학교,명도초등학교,경상남도 창원시 의창구 도계두리길 233,,35.25593918,128.644023
창원시,학교,초등학교,월영초등학교,경상남도 창원시 마산합포구 반월북1길 41,,35.19167165,128.5628724
창원시,학교,중학교,광려중학교,경상남도 창원시 마산회원구 내서읍 광려로 108,,35.21738289,128.5028628
창원시,학교,고등학교,창원기계공업고등학교,경상남도 창원시 성산구 두대로 219,,35.22630036,128.6654086
창원시,학교,중학교,진해여자중학교,경상남도 창원시 진해구 여좌남로 25,,35.15667015,128.6588444
창원시,학교,초등학교,용원초등학교,경상남도 창원시 진해구 용원로78번길 11,,35.09744075,128.8182285
창원시,학교,초등학교,감계초등학교,경상남도 창원시 의창구 북면 감계로140번길 51,,35.30037832,128.5884803
창원시,학교,중학교,진해신항중학교,경상남도 창원시 진해구 신항동로 161,,35.08819661,128.810678
창원시,학교,초등학교,명서초등학교,경상남도 창원시 의창구 명서로 21,,35.25038734,128.6440392
창원시,학교,고등학교,마산제일여자고등학교,경상남도 창원시 마산합포구 고운로 65,,35.18864312,128.5564144
창원시,학교,중학교,진해냉천중학교,경상남도 창원시 진해구 냉천로 219,,35.15614925,128.7197791
창원시,학교,고등학교,마산제일고등학교,경상남도 창원시 마산회원구 내서읍 함마대로 2610,,35.26178427,128.5054568
창원시,학교,초등학교,진해남산초등학교,경상남도 창원시 진해구 태평로37번길 17,,35.14784036,128.6633177
창원시,학교,초등학교,창원남산초등학교,경상남도 창원시 성산구 가음로83번길 7,,35.20593325,128.7045163
창원시,학교,초등학교,의창초등학교,경상남도 창원시 의창구 중동남로 85,,35.25371006,128.6295968
창원시,학교,고등학교,창원토월고등학교,경상남도 창원시 성산구 비음로91번길 8,,35.22574658,128.7036398
창원시,학교,중학교,진전중학교,경상남도 창원시 마산합포구 진전면 월안로 23,,35.104284,128.4095521
창원시,학교,중학교,진해중학교,경상남도 창원시 진해구 여좌로 98,,35.16037923,128.6652038
창원시,학교,초등학교,우산초등학교,경상남도 창원시 마산합포구 진동면 미더덕로 382,,35.10498551,128.478791
창원시,학교,초등학교,자여초등학교,경상남도 창원시 의창구 동읍 자여로 135,,35.27284821,128.7056635
창원시,학교,중학교,웅동중학교,경상남도 창원시 진해구 남의로116번길 50,,35.11282287,128.7962528
창원시,학교,중학교,구산중학교,경상남도 창원시 마산합포구 현동9길 23,,35.14377035,128.5582419
창원시,학교,중학교,남산중학교,경상남도 창원시 성산구 가음정로 157,,35.2039882,128.6983379
창원시,학교,중학교,창원중학교,경상남도 창원시 의창구 도계로107번길 10,,35.25582016,128.6414039
창원시,학교,중학교,감계중학교,경상남도 창원시 의창구 북면 감계로 220,,35.30023915,128.5873017
창원시,학교,초등학교,가고파초등학교,경상남도 창원시 마산회원구 삼호로 110,,35.22578392,128.580473
창원시,학교,고등학교,창원과학고등학교,경상남도 창원시 의창구 평산로159번길 30,,35.2567644,128.6198339
창원시,학교,초등학교,창원한들초등학교,경상남도 창원시 의창구 소봉로 43,,35.25375052,128.6685605
창원시,학교,초등학교,웅천초등학교,경상남도 창원시 진해구 웅천동로 33,,35.10396535,128.7557112
창원시,학교,초등학교,회원초등학교,경상남도 창원시 마산회원구 회원남로 51,,35.21982858,128.5667167
창원시,학교,고등학교,창원명곡고등학교,경상남도 창원시 의창구 서곡길25번길 16,,35.25456647,128.6488225
창원시,학교,초등학교,삼정자초등학교,경상남도 창원시 성산구 외리로34번길 8,,35.2009006,128.7090978
창원시,학교,초등학교,상남초등학교,경상남도 창원시 마산합포구 합포서13길 20,,35.21277759,128.5772354
창원시,학교,초등학교,하북초등학교,경상남도 창원시 마산합포구 진북면 지산5길 36,,35.11618318,128.4697599
창원시,학교,고등학교,마산삼진고등학교,경상남도 창원시 마산합포구 진동면 삼진의거대로 661-13,,35.11862898,128.4887806
창원시,학교,중학교,웅천중학교,경상남도 창원시 진해구 웅천동로 55,,35.10245311,128.7546083
창원시,학교,초등학교,팔룡초등학교,경상남도 창원시 마산회원구 학교단지로 31,,35.24223175,128.5939532
창원시,학교,고등학교,창원대산고등학교,경상남도 창원시 의창구 대산면 진산대로 378,,35.33334459,128.7103474
창원시,학교,초등학교,봉덕초등학교,경상남도 창원시 마산회원구 봉덕1길 14,,35.2224257,128.5947895
창원시,학교,고등학교,창원용호고등학교,경상남도 창원시 성산구 용호로 29,,35.23322478,128.6767571
창원시,학교,고등학교,마산고등학교,경상남도 창원시 마산합포구 심온길 33,,35.20055288,128.5616541
창원시,학교,고등학교,창원문성고등학교,경상남도 창원시 성산구 원이대로 406,,35.23490377,128.6617147
창원시,학교,고등학교,마산가포고등학교,경상남도 창원시 마산합포구 가포로 262,,35.16749022,128.5711686
창원시,학교,초등학교,대야초등학교,경상남도 창원시 진해구 여좌로84번길 7,,35.15954661,128.6644414
창원시,학교,중학교,내서중학교,경상남도 창원시 마산회원구 내서읍 광려천서로 35,,35.24575912,128.5079397
창원시,학교,고등학교,창원중앙고등학교,경상남도 창원시 성산구 용호로 16,,35.23126093,128.6776682
창원시,학교,고등학교,창원고등학교,경상남도 창원시 의창구 태복산로 45,,35.25528577,128.6427051
창원시,학교,초등학교,창원초등학교,경상남도 창원시 의창구 읍성로 5-1,,35.26563495,128.6197066
창원시,학교,중학교,양곡중학교,경상남도 창원시 성산구 신촌로134번길 12,,35.19852083,128.6268165
창원시,학교,중학교,사파중학교,경상남도 창원시 성산구 신사로 155,,35.21896417,128.7005664
창원시,학교,초등학교,현동초등학교,경상남도 창원시 마산합포구 현동6길 12,,35.1469695,128.5565283
창원시,학교,중학교,양덕중학교,경상남도 창원시 마산회원구 학교단지로 47,,35.24262116,128.5951783
창원시,학교,고등학교,한일여자고등학교,경상남도 창원시 마산회원구 양덕서8길 50,,35.22957678,128.5786542
창원시,학교,초등학교,삼계초등학교,경상남도 창원시 마산회원구 내서읍 삼계로 36,,35.23266923,128.5004328
창원시,학교,초등학교,석전초등학교,경상남도 창원시 마산회원구 석전동로 8,,35.23226945,128.5761882
창원시,학교,고등학교,창원대암고등학교,경상남도 창원시 성산구 대암로 203,,35.20753671,128.7114831
창원시,학교,고등학교,마산내서여자고등학교,경상남도 창원시 마산회원구 내서읍 삼풍로 133,,35.23729062,128.5028667
창원시,학교,초등학교,감천초등학교,경상남도 창원시 마산회원구 내서읍 감천로 53,,35.20718738,128.5154752
창원시,학교,초등학교,내동초등학교,경상남도 창원시 성산구 두대로 185,,35.22548514,128.6624836
창원시,학교,고등학교,창원봉림고등학교,경상남도 창원시 의창구 창이대로333번길 39,,35.24835895,128.6764645
창원시,학교,고등학교,진해용원고등학교,경상남도 창원시 진해구 용재로77번길 8,,35.10145141,128.8190397
창원시,학교,초등학교,창원상남초등학교,경상남도 창원시 성산구 토월로 140,,35.22158721,128.6894705
창원시,학교,고등학교,창원남산고등학교,경상남도 창원시 성산구 가음로92번길 34,,35.20347689,128.7002997
창원시,학교,중학교,진해남중학교,경상남도 창원시 진해구 병암북로 9,,35.16161832,128.6893971
창원시,학교,초등학교,해운초등학교,경상남도 창원시 마산합포구 월영남로 24,,35.17620554,128.5578346
창원시,학교,초등학교,완월초등학교,경상남도 창원시 마산합포구 고운로 201,,35.20036632,128.5631695
창원시,학교,중학교,마산동중학교,경상남도 창원시 마산회원구 회원북7길 40,,35.22110037,128.5681332
창원시,학교,초등학교,사파초등학교,경상남도 창원시 성산구 원이대로773번길 27,,35.21931683,128.6972338
창원시,학교,초등학교,용마초등학교,경상남도 창원시 마산합포구 산호남로 50,,35.21579113,128.5846544
창원시,학교,고등학교,진해여자고등학교,경상남도 창원시 진해구 여좌남로 23,,35.1563023,128.6575727
창원시,학교,고등학교,창원경일여자고등학교,경상남도 창원시 성산구 두대로 163,,35.22732278,128.662447
창원시,학교,고등학교,성지여자고등학교,경상남도 창원시 마산합포구 완월남로 20,,35.19793925,128.5598321
창원시,학교,고등학교,경상고등학교,경상남도 창원시 의창구 금강로379번길 46,,35.26096745,128.6005154
창원시,학교,초등학교,평산초등학교,경상남도 창원시 의창구 사화로104번길 17,,35.25083296,128.61671
창원시,학교,초등학교,마산중앙초등학교,경상남도 창원시 마산회원구 팔용로 280,,35.24832356,128.6025946
창원시,학교,중학교,구산중학교구남분교장,경상남도 창원시 마산합포구 구산면 이순신로 7,,35.08695811,128.5870692
창원시,학교,고등학교,진해중앙고등학교,경상남도 창원시 진해구 병암북로 9,,35.16163171,128.6893971
창원시,학교,초등학교,장복초등학교,경상남도 창원시 진해구 진해대로728번길 21,,35.15786437,128.6951594
창원시,학교,고등학교,진해세화여자고등학교,경상남도 창원시 진해구 병암북로4번길 41,,35.16141317,128.6937922
창원시,학교,초등학교,봉강초등학교,경상남도 창원시 의창구 동읍 동읍로 1131-3,,35.35080275,128.6552335
창원시,학교,초등학교,북면초등학교승산분교장,경상남도 창원시 의창구 북면 구룡로312번길 7,,35.30394132,128.6276185
창원시,학교,초등학교,북성초등학교,경상남도 창원시 마산회원구 석전북1길 3,,35.23179348,128.5700226
창원시,학교,고등학교,창원경일고등학교,경상남도 창원시 성산구 두대로 165,,35.22658657,128.6612134
창원시,학교,고등학교,창원명지여자고등학교,경상남도 창원시 의창구 명지로109번길 54,,35.2518467,128.6489261
창원시,학교,초등학교,도천초등학교,경상남도 창원시 진해구 충장로 10,,35.15274364,128.653898
창원시,학교,초등학교,사화초등학교,경상남도 창원시 의창구 반계로80번길 7,,35.25227232,128.6172751
창원시,학교,고등학교,창원남고등학교,경상남도 창원시 성산구 창원대로 813,,35.21397156,128.6797496
창원시,학교,초등학교,대방초등학교,경상남도 창원시 성산구 대정로 132,,35.2113475,128.7068757
창원시,학교,중학교,창원상남중학교,경상남도 창원시 성산구 동산로55번길 9,,35.21474025,128.6843651
창원시,학교,중학교,안골포중학교,경상남도 창원시 진해구 안청남로 29,,35.10252543,128.8051432
창원시,학교,초등학교,일동초등학교,경상남도 창원시 의창구 대산면 대산북로 461,,35.36860322,128.6872942
창원시,학교,중학교,석동중학교,경상남도 창원시 진해구 석동로 40,,35.15430996,128.7039826
창원시,학교,초등학교,용호초등학교,경상남도 창원시 성산구 용지로169번길 76,,35.23370775,128.6756645
창원시,학교,초등학교,마산신월초등학교,경상남도 창원시 마산합포구 월영마을로 40,,35.17099201,128.5565457
창원시,학교,초등학교,중리초등학교,경상남도 창원시 마산회원구 내서읍 호계안길 22,,35.25598878,128.5200668
창원시,학교,초등학교,도계초등학교,경상남도 창원시 의창구 하남천동길 10,,35.25869742,128.6393103
창원시,학교,고등학교,창원북면고등학교,경상남도 창원시 의창구 북면 동전로 36,,35.29968223,128.5967814
창원시,학교,초등학교,무동초등학교,경상남도 창원시 의창구 북면 동곡로 65,,35.32087091,128.581699
창원시,학교,초등학교,용남초등학교,경상남도 창원시 성산구 용호로 65,,35.23586998,128.6798045
창원시,학교,중학교,신월중학교,경상남도 창원시 성산구 신월로37번길 12,,35.22860169,128.6935418
창원시,학교,초등학교,진해신항초등학교,경상남도 창원시 진해구 신항동로 158,,35.08961489,128.8107118
창원시,학교,중학교,합포여자중학교,경상남도 창원시 마산회원구 회성남11길 27,,35.23215536,128.561743
창원시,학교,초등학교,내서초등학교,경상남도 창원시 마산회원구 북성로 480,,35.23819306,128.5454459
창원시,학교,초등학교,합포초등학교,경상남도 창원시 마산합포구 허당로 73,,35.21233241,128.5841074
창원시,학교,초등학교,호계초등학교,경상남도 창원시 마산회원구 내서읍 광려천북로 182,,35.26562301,128.5228101
창원시,학교,고등학교,창원사파고등학교,경상남도 창원시 성산구 창이대로719번길 26,,35.22158696,128.7045404
창원시,학교,중학교,창원동중학교,경상남도 창원시 의창구 동읍 동읍로 189,,35.29100882,128.6749409
창원시,학교,초등학교,신등초등학교,경상남도 창원시 의창구 대산면 주남로 394,,35.32101037,128.6991891
창원시,학교,중학교,해운중학교,경상남도 창원시 마산합포구 월영동남로 16-1,,35.17757645,128.5652974
창원시,학교,중학교,명서중학교,경상남도 창원시 의창구 명지로 54,,35.25153733,128.6440578
창원시,학교,중학교,호계중학교,경상남도 창원시 마산회원구 내서읍 호계본동로 107,,35.26685106,128.5139257
창원시,학교,초등학교,장천초등학교,경상남도 창원시 진해구 충장로 719,,35.12623873,128.7071896
창원시,학교,중학교,창덕중학교,경상남도 창원시 의창구 동읍 의창대로900번길 12,,35.27744139,128.6888058
창원시,학교,고등학교,태봉고등학교,경상남도 창원시 마산합포구 진동면 태봉1길 85-32,,35.14779402,128.5098136
창원시,학교,초등학교,제황초등학교,경상남도 창원시 진해구 제황로 32,,35.14871995,128.6693135
창원시,학교,초등학교,전안초등학교,경상남도 창원시 마산회원구 내서읍 광려로 100,,35.21797225,128.5020761
창원시,학교,중학교,창원중앙중학교,경상남도 창원시 성산구 반지로3번길 14,,35.24012853,128.6573992
창원시,학교,중학교,마산중앙중학교,경상남도 창원시 마산회원구 학교단지로 53-1,,35.24269513,128.5969158
창원시,학교,초등학교,상북초등학교,경상남도 창원시 의창구 지귀로60번길 13-13,,35.24690926,128.6532662
창원시,학교,초등학교,양덕초등학교,경상남도 창원시 마산회원구 양덕동12길 86,,35.23385991,128.5885008
창원시,학교,초등학교,월포초등학교,경상남도 창원시 마산합포구 월영북15길 35,,35.18301572,128.5574966
창원시,학교,초등학교,온천초등학교,경상남도 창원시 의창구 북면 신리길30번길 17,,35.34942032,128.6049255
창원시,학교,초등학교,동산초등학교,경상남도 창원시 성산구 단정로 126,,35.214198,128.6901559
창원시,학교,중학교,삼계중학교,경상남도 창원시 마산회원구 내서읍 삼계9길 40,,35.23340567,128.4981696
창원시,학교,고등학교,진해고등학교,경상남도 창원시 진해구 여좌로 100,,35.16081162,128.6651789
창원시,학교,초등학교,월성초등학교,경상남도 창원시 마산합포구 완월남1길 17,,35.19601945,128.5604733
창원시,학교,초등학교,화양초등학교,경상남도 창원시 의창구 동읍 백월로 524,,35.30562566,128.6520009
창원시,학교,초등학교,우암초등학교,경상남도 창원시 의창구 대산면 우암로 35,,35.3339527,128.7303991
창원시,학교,초등학교,가포초등학교,경상남도 창원시 마산합포구 가포로 376,,35.15921481,128.5752292
창원시,학교,고등학교,마산공업고등학교,경상남도 창원시 마산회원구 학교단지로 53,,35.24416345,128.5959635
창원시,학교,초등학교,양곡초등학교,경상남도 창원시 성산구 양곡길 102,,35.20225826,128.6268883
창원시,학교,중학교,도계중학교,경상남도 창원시 의창구 원이대로56번길 19-15,,35.25530878,128.6343183
창원시,학교,초등학교,안계초등학교,경상남도 창원시 마산회원구 내서읍 삼계숲길 246,,35.23141529,128.4944201
창원시,학교,초등학교,봉림초등학교,경상남도 창원시 의창구 사림로16번길 21,,35.24624844,128.6779048
창원시,학교,초등학교,진해냉천초등학교,경상남도 창원시 진해구 냉천로 205,,35.1564539,128.7183283
창원시,학교,중학교,마산삼진중학교,경상남도 창원시 마산합포구 진동면 성산길 51,,35.11430894,128.4882202
창원시,학교,초등학교,석동초등학교,경상남도 창원시 진해구 석동로 85,,35.15781268,128.7068682
창원시,학교,초등학교,중동초등학교,경상남도 창원시 의창구 의창대로238번길 14,,35.25948046,128.6234138
창원시,학교,초등학교,소답초등학교,경상남도 창원시 의창구 의창대로317번길 41,,35.26515855,128.6288761
창원시,학교,초등학교,대산초등학교,경상남도 창원시 의창구 대산면 진산대로 442-7,,35.34028326,128.7095142
창원시,학교,고등학교,마산여자고등학교,경상남도 창원시 마산합포구 고운로 157,,35.19593834,128.5614097
창원시,학교,초등학교,안골포초등학교,경상남도 창원시 진해구 안청북로 30,,35.10398498,128.8062297
창원시,학교,중학교,마산여자중학교,경상남도 창원시 마산회원구 무학로 587,,35.22131965,128.5610829
창원시,학교,중학교,마산의신여자중학교,경상남도 창원시 마산합포구 천하장사로 21,,35.211608,128.5660041
창원시,학교,초등학교,창원신월초등학교,경상남도 창원시 성산구 신월로72번길 12,,35.22576279,128.6931512
창원시,학교,중학교,성지여자중학교,경상남도 창원시 마산합포구 완월남로 20,,35.19793722,128.5598321
창원시,학교,초등학교,북면초등학교,경상남도 창원시 의창구 북면 동전로110번길 36,,35.30529194,128.6000619
창원시,학교,초등학교,진동초등학교,경상남도 창원시 마산합포구 진동면 삼진의거대로 661-22,,35.11862978,128.4900974
창원시,학교,중학교,웅남중학교,경상남도 창원시 성산구 단정로98번길 8,,35.21622905,128.6889637
창원시,학교,중학교,반송중학교,경상남도 창원시 성산구 반송로 182,,35.23555208,128.6749507
창원시,학교,중학교,토월중학교,경상남도 창원시 성산구 원이대로 687,,35.22366263,128.6888018
창원시,학교,초등학교,성호초등학교,경상남도 창원시 마산합포구 성호동4길 21,,35.2092723,128.5713543
창원시,학교,초등학교,안남초등학교,경상남도 창원시 성산구 가양로 158,,35.20909049,128.7103746
창원시,학교,초등학교,상일초등학교,경상남도 창원시 마산회원구 내서읍 광려천서로 21,,35.24457516,128.5069525
창원시,학교,초등학교,명곡초등학교,경상남도 창원시 의창구 우곡로159번길 22-11,,35.24293744,128.6448386
창원시,학교,중학교,안민중학교,경상남도 창원시 성산구 안민로160번길 11,,35.18365416,128.6933757
창원시,학교,초등학교,안민초등학교,경상남도 창원시 성산구 안민로79번길 6,,35.18783651,128.6878501
창원시,학교,고등학교,창신고등학교,경상남도 창원시 마산회원구 봉덕2길 106,,35.2259412,128.5975545
창원시,학교,고등학교,마산중앙고등학교,경상남도 창원시 마산합포구 고운로 103,,35.19192849,128.5584266
창원시,학교,중학교,명곡여자중학교,경상남도 창원시 의창구 우곡로159번길 32,,35.24370853,128.6449711
창원시,학교,중학교,마산중학교,경상남도 창원시 마산합포구 심온길 49,,35.20319064,128.5620358
창원시,학교,중학교,창원대산중학교,경상남도 창원시 의창구 대산면 진산대로 380,,35.33415986,128.710433
창원시,학교,중학교,마산무학여자중학교,경상남도 창원시 마산회원구 회원동33길 17-1,,35.22305717,128.5748764
창원시,학교,고등학교,합포고등학교,경상남도 창원시 마산합포구 무학로 458,,35.20941219,128.5643386
창원시,학교,중학교,안남중학교,경상남도 창원시 성산구 창이대로899번길 13,,35.20557657,128.7080778
창원시,학교,초등학교,산호초등학교,경상남도 창원시 마산합포구 회원동북로 53,,35.21972208,128.5795948
창원시,학교,초등학교,구산초등학교,경상남도 창원시 마산합포구 구산면 수정3길 8,,35.12047404,128.5791559
창원시,학교,중학교,동진중학교,경상남도 창원시 진해구 덕산로46번길 25,,35.14416613,128.7051285
창원시,학교,초등학교,유목초등학교,경상남도 창원시 성산구 반송로29번길 15,,35.24478384,128.6637449
창원시,학교,중학교,창원남중학교,경상남도 창원시 성산구 창원대로 813,,35.21397156,128.6797496
창원시,학교,초등학교,풍호초등학교,경상남도 창원시 진해구 풍호로 80,,35.13943503,128.710545
창원시,학교,중학교,양덕여자중학교,경상남도 창원시 마산회원구 학교단지로 21,,35.24369043,128.5947299
창원시,학교,고등학교,웅천고등학교,경상남도 창원시 진해구 웅천중로 71,,35.1124855,128.7497026
창원시,학교,중학교,봉림중학교,경상남도 창원시 의창구 사림로16번길 15,,35.24674661,128.6773015
창원시,학교,중학교,창신중학교,경상남도 창원시 마산회원구 봉암북7길 11,,35.22433034,128.5973897
창원시,학교,중학교,창원여자중학교,경상남도 창원시 의창구 팔용로 487,,35.25933184,128.6164149
창원시,학교,초등학교,남양초등학교,경상남도 창원시 성산구 가음로13번길 5,,35.21206224,128.6982595
창원시,학교,고등학교,경남관광고등학교,경상남도 창원시 의창구 사림로29번길 12,,35.2485272,128.6752628
창원시,학교,중학교,용원중학교,경상남도 창원시 진해구 용원로77번길 16,,35.09965505,128.8179932
창원시,학교,중학교,삼정자중학교,경상남도 창원시 성산구 외리로34번길 32,,35.20123356,128.7121935
창원시,학교,중학교,반송여자중학교,경상남도 창원시 성산구 반송로 168,,35.23572964,128.674391
창원시,학교,중학교,창북중학교,경상남도 창원시 의창구 북면 무동서로 8,,35.31697458,128.5807219
창원시,학교,초등학교,진전초등학교,경상남도 창원시 마산합포구 진전면 팔의사로 727,,35.11022237,128.4150907
창원시,학교,고등학교,마산무학여자고등학교,경상남도 창원시 마산회원구 회원동33길 17,,35.22302589,128.5748764
창원시,학교,초등학교,신방초등학교,경상남도 창원시 의창구 동읍 동읍로 121-11,,35.28735623,128.6783653
창원시,학교,초등학교,경화초등학교,경상남도 창원시 진해구 경화로38번길 5,,35.15742814,128.6875009
창원시,학교,초등학교,토월초등학교,경상남도 창원시 성산구 비음로4번길 33-11,,35.22742263,128.6985448
창원시,학교,초등학교,안청초등학교,경상남도 창원시 진해구 안골로 303,,35.09984346,128.8065674
창원시,학교,중학교,팔룡중학교,경상남도 창원시 의창구 사화로104번길 3,,35.25184668,128.6178746
창원시,학교,초등학교,구산초등학교구서분교장,경상남도 창원시 마산합포구 구산면 해양관광로 739,,35.12143941,128.538013
창원시,학교,초등학교,마산고운초등학교,경상남도 창원시 마산합포구 가포로 141,,35.17272252,128.5613815
창원시,학교,중학교,마산서중학교,경상남도 창원시 마산합포구 월영남로 6,,35.17852774,128.5573056
창원시,학교,중학교,합포중학교,경상남도 창원시 마산합포구 산호남10길 18,,35.21578987,128.5853702
창원시,학교,고등학교,창원여자고등학교,경상남도 창원시 성산구 두대로 153,,35.22788956,128.6612262
창원시,학교,고등학교,창원신월고등학교,경상남도 창원시 성산구 신월로 66,,35.22636486,128.6937473
창원시,학교,초등학교,동부초등학교,경상남도 창원시 진해구 석동로 27,,35.15575164,128.7023746
창원시,학교,중학교,마산제일여자중학교,경상남도 창원시 마산합포구 고운로 65,,35.18865983,128.5564144
창원시,학교,중학교,반림중학교,경상남도 창원시 성산구 외동반림로 237,,35.23914674,128.6778473
창원시,학교,초등학교,대원초등학교,경상남도 창원시 성산구 두대로55번길 23,,35.23361611,128.6510559
창원시,학교,중학교,동진여자중학교,경상남도 창원시 진해구 진해대로982번길 26,,35.14258248,128.7039422
창원시,학교,초등학교,용지초등학교,경상남도 창원시 성산구 원이대로538번길 24,,35.22889716,128.6719623
창원시,학교,초등학교,자은초등학교,경상남도 창원시 진해구 자은로88번길 41,,35.14965907,128.7120764
창원시,학교,초등학교,대암초등학교,경상남도 창원시 성산구 창이대로899번길 23,,35.20586609,128.7094383
창원시,학교,초등학교,반동초등학교,경상남도 창원시 마산합포구 구산면 해양관광로 1460-14,,35.08771693,128.5843228
창원시,학교,고등학교,창원성민여자고등학교,경상남도 창원시 의창구 팔용로 481,,35.25884432,128.6151137
창원시,학교,초등학교,남정초등학교,경상남도 창원시 성산구 원이대로878번길 30,,35.21084962,128.6921158
창원시,학교,초등학교,교방초등학교,경상남도 창원시 마산합포구 교방동1길 63,,35.21351763,128.5650545
창원시,학교,초등학교,진해중앙초등학교,경상남도 창원시 진해구 태백서로14번길 23,,35.15542082,128.6754726
창원시,학교,초등학교,광려초등학교,경상남도 창원시 마산회원구 내서읍 삼계1길 47,,35.22812274,128.5031333
창원시,학교,고등학교,마산용마고등학교,경상남도 창원시 마산합포구 허당로 51,,35.21228385,128.5821184
창원시,학교,고등학교,창원공업고등학교,경상남도 창원시 의창구 사화로 410,,35.23631124,128.6437086
창원시,학교,초등학교,외동초등학교,경상남도 창원시 성산구 토월로43번길 14,,35.21671652,128.6813319
창원시,학교,중학교,경원중학교,경상남도 창원시 성산구 두대로 195,,35.22548083,128.6632959
창원시,학교,초등학교,덕산초등학교,경상남도 창원시 진해구 덕산로46번길 15,,35.14587867,128.7052484
창원시,학교,초등학교,성주초등학교,경상남도 창원시 성산구 가음정로 127,,35.20550265,128.6987849
창원시,학교,초등학교,합성초등학교,경상남도 창원시 마산회원구 합성북16길 75,,35.24278276,128.5819015
창원시,학교,초등학교,구암초등학교,경상남도 창원시 마산회원구 구암북19길 153,,35.25826967,128.5943421
창원시,학교,초등학교,웅남초등학교,경상남도 창원시 성산구 단정로 75,,35.21766862,128.6876607
창원시,학교,고등학교,마산구암고등학교,경상남도 창원시 마산회원구 팔용로 220,,35.24705748,128.5968168
창원시,학교,초등학교,웅동초등학교,경상남도 창원시 진해구 마천로 29,,35.12709443,128.7838078
창원시,학교,중학교,대방중학교,경상남도 창원시 성산구 가양로 133,,35.21041285,128.7062908
창원시,학교,초등학교,교동초등학교,경상남도 창원시 마산회원구 무학로 589,,35.22140544,128.5625193
창원시,학교,초등학교,무학초등학교,경상남도 창원시 마산합포구 자산동8길 6,,35.20360532,128.5675079
